<?xml version="1.0" encoding="UTF-8"?>
<TrackingData>
    <Sensors>
        <Sensor Type="DummySensorSource">
            <SensorID>DummySensor1</SensorID>
            <SensorCOS>
                <SensorCosID>DummyCos1</SensorCosID>
                <Parameters>
                    <Pose>
                        <Translation>
                            <x>-40.0</x>
                            <y>-40.0</y>
                            <z>-160.0</z>
                        </Translation>
                        <Rotation>
                            <x>0.707</x>
                            <y>0.0</y>
                            <z>0.0</z>
                            <w>0.707</w>
                        </Rotation>
                    </Pose>
                </Parameters>
            </SensorCOS>
        </Sensor>
    </Sensors>
    <Connections>
        <COS>
            <Name>Cos1</Name>
            <Fuser Type="BestQualityFuser">
                <Parameters/>
            </Fuser>
            <SensorSource>
                <SensorID>DummySensor1</SensorID>
                <SensorCosID>DummyCos1</SensorCosID>
                <HandEyeCalibration>
                    <TranslationOffset>
                        <x>0.0</x>
                        <y>0.0</y>
                        <z>0.0</z>
                    </TranslationOffset>
                    <RotationOffset>
                        <x>0.0</x>
                        <y>0.0</y>
                        <z>0.0</z>
                        <w>1.0</w>
                    </RotationOffset>
                </HandEyeCalibration>
                <COSOffset>
                    <TranslationOffset>
                        <x>0.0</x>
                        <y>0.0</y>
                        <z>0.0</z>
                    </TranslationOffset>
                    <RotationOffset>
                        <x>0.0</x>
                        <y>0.0</y>
                        <z>0.0</z>
                        <w>1.0</w>
                    </RotationOffset>
                </COSOffset>
            </SensorSource>
        </COS>
    </Connections>
</TrackingData>
