<?xml version="1.0" encoding="UTF-8"?>
<results trackingurl="html/resources/TrackingConfig_b2995ad5aa22b739f9348942f4e0b665.zip">
  <arel><![CDATA[html/index.html?7802fdfd8789d63809d5a19e13a20d5a]]></arel>
  <sceneoptions>
    <sceneoption key="fullScreen">true</sceneoption>
  </sceneoptions>
  <object id="text5">
    <title><![CDATA[Text]]></title>
    <assets3d>
      <model><![CDATA[html/resources//77630abdcdc3efa16adfe3a7cebb4f80.zip]]></model>
      <transform>
        <translation>
          <x>95.317276001</x>
          <y>59.0502052307</y>
          <z>0.9349492788</z>
        </translation>
        <rotation type="eulerdeg">
          <x>0.0</x>
          <y>0.0</y>
          <z>0.0</z>
        </rotation>
        <scale>
          <x>0.3231799901</x>
          <y>0.3231799901</y>
          <z>0.3231799901</z>
        </scale>
      </transform>
      <properties>
        <coordinatesystemid>1</coordinatesystemid>
      </properties>
    </assets3d>
    <viewparameters>
      <visibility>
        <liveview>false</liveview>
      </visibility>
    </viewparameters>
  </object>
  <object id="text6">
    <title><![CDATA[Text]]></title>
    <assets3d>
      <model><![CDATA[html/resources//e0812b74c57e00c46ac9aad68a05a131.zip]]></model>
      <transform>
        <translation>
          <x>-9.299243927</x>
          <y>-63.2348632812</y>
          <z>0.9349492788</z>
        </translation>
        <rotation type="eulerdeg">
          <x>0.0</x>
          <y>0.0</y>
          <z>0.0</z>
        </rotation>
        <scale>
          <x>0.3231799901</x>
          <y>0.3231799901</y>
          <z>0.3231799901</z>
        </scale>
      </transform>
      <properties>
        <coordinatesystemid>1</coordinatesystemid>
      </properties>
    </assets3d>
    <viewparameters>
      <visibility>
        <liveview>false</liveview>
      </visibility>
    </viewparameters>
  </object>
  <object id="text3">
    <title><![CDATA[Text]]></title>
    <assets3d>
      <model><![CDATA[html/resources//8b0514c74036b62ca3f4a3dbd7b41756.zip]]></model>
      <transform>
        <translation>
          <x>-117.2490005493</x>
          <y>0.0</y>
          <z>0.9349492788</z>
        </translation>
        <rotation type="eulerdeg">
          <x>0.0</x>
          <y>0.0</y>
          <z>0.0</z>
        </rotation>
        <scale>
          <x>0.3231799901</x>
          <y>0.3231799901</y>
          <z>0.3231799901</z>
        </scale>
      </transform>
      <properties>
        <coordinatesystemid>1</coordinatesystemid>
      </properties>
    </assets3d>
    <viewparameters>
      <visibility>
        <liveview>false</liveview>
      </visibility>
    </viewparameters>
  </object>
  <object id="text2">
    <title><![CDATA[Text]]></title>
    <assets3d>
      <model><![CDATA[html/resources//2f2cd7245c53331dc0464a70be02e136.zip]]></model>
      <transform>
        <translation>
          <x>-115.6908416748</x>
          <y>19.3323364258</y>
          <z>0.9349492788</z>
        </translation>
        <rotation type="eulerdeg">
          <x>0.0</x>
          <y>0.0</y>
          <z>0.0</z>
        </rotation>
        <scale>
          <x>0.3231799901</x>
          <y>0.3231799901</y>
          <z>0.3231799901</z>
        </scale>
      </transform>
      <properties>
        <coordinatesystemid>1</coordinatesystemid>
      </properties>
    </assets3d>
    <viewparameters>
      <visibility>
        <liveview>false</liveview>
      </visibility>
    </viewparameters>
  </object>
  <object id="text1">
    <title><![CDATA[Text]]></title>
    <assets3d>
      <model><![CDATA[html/resources//4bf68abc695d8c1ffbb4fb33df6f2b31.zip]]></model>
      <transform>
        <translation>
          <x>-116.8252182007</x>
          <y>36.5426216125</y>
          <z>0.9349492788</z>
        </translation>
        <rotation type="eulerdeg">
          <x>0.0</x>
          <y>0.0</y>
          <z>0.0</z>
        </rotation>
        <scale>
          <x>0.3231799901</x>
          <y>0.3231799901</y>
          <z>0.3231799901</z>
        </scale>
      </transform>
      <properties>
        <coordinatesystemid>1</coordinatesystemid>
      </properties>
    </assets3d>
    <viewparameters>
      <visibility>
        <liveview>false</liveview>
      </visibility>
    </viewparameters>
  </object>
  <object id="image1">
    <title><![CDATA[MenuPizza2]]></title>
    <assets3d>
      <model><![CDATA[html/resources/891435d4d55e7bd60f5a4ae88ab7104b/891435d4d55e7bd60f5a4ae88ab7104b.zip]]></model>
      <transform>
        <translation>
          <x>-3.6120080948</x>
          <y>1.167173624</y>
          <z>0.9335619807</z>
        </translation>
        <rotation type="eulerdeg">
          <x>0.0</x>
          <y>0.0</y>
          <z>0.0</z>
        </rotation>
        <scale>
          <x>0.2936652899</x>
          <y>0.2936652899</y>
          <z>0.2936652899</z>
        </scale>
      </transform>
      <properties>
        <coordinatesystemid>1</coordinatesystemid>
      </properties>
    </assets3d>
    <viewparameters>
      <visibility>
        <liveview>false</liveview>
      </visibility>
    </viewparameters>
  </object>
</results>
